Country_Region,Province_State,Date,Category,Cases
Afghanistan,"",2020-04-07T00:00:00Z,Deaths,14
Afghanistan,"",2020-04-07T00:00:00Z,Confirmed,423
Afghanistan,"",2020-04-07T00:00:00Z,Recovered,18
Albania,"",2020-04-07T00:00:00Z,Deaths,22
Albania,"",2020-04-07T00:00:00Z,Confirmed,383
Albania,"",2020-04-07T00:00:00Z,Recovered,131
Algeria,"",2020-04-07T00:00:00Z,Deaths,193
Algeria,"",2020-04-07T00:00:00Z,Confirmed,1468
Algeria,"",2020-04-07T00:00:00Z,Recovered,113
Andorra,"",2020-04-07T00:00:00Z,Deaths,22
Andorra,"",2020-04-07T00:00:00Z,Confirmed,545
Andorra,"",2020-04-07T00:00:00Z,Recovered,39
Angola,"",2020-04-07T00:00:00Z,Deaths,2
Angola,"",2020-04-07T00:00:00Z,Confirmed,17
Angola,"",2020-04-07T00:00:00Z,Recovered,2
Antigua and Barbuda,"",2020-04-07T00:00:00Z,Deaths,1
Antigua and Barbuda,"",2020-04-07T00:00:00Z,Confirmed,19
Antigua and Barbuda,"",2020-04-07T00:00:00Z,Recovered,0
Argentina,"",2020-04-07T00:00:00Z,Deaths,56
Argentina,"",2020-04-07T00:00:00Z,Confirmed,1628
Argentina,"",2020-04-07T00:00:00Z,Recovered,338
Armenia,"",2020-04-07T00:00:00Z,Deaths,8
Armenia,"",2020-04-07T00:00:00Z,Confirmed,853
Armenia,"",2020-04-07T00:00:00Z,Recovered,87
Australia,Australian Capital Territory,2020-04-07T00:00:00Z,Deaths,2
Australia,Australian Capital Territory,2020-04-07T00:00:00Z,Confirmed,96
Australia,Australian Capital Territory,2020-04-07T00:00:00Z,Recovered,40
Australia,New South Wales,2020-04-07T00:00:00Z,Deaths,21
Australia,New South Wales,2020-04-07T00:00:00Z,Confirmed,2686
Australia,New South Wales,2020-04-07T00:00:00Z,Recovered,4
Australia,Northern Territory,2020-04-07T00:00:00Z,Deaths,0
Australia,Northern Territory,2020-04-07T00:00:00Z,Confirmed,28
Australia,Northern Territory,2020-04-07T00:00:00Z,Recovered,2
Australia,Queensland,2020-04-07T00:00:00Z,Deaths,4
Australia,Queensland,2020-04-07T00:00:00Z,Confirmed,934
Australia,Queensland,2020-04-07T00:00:00Z,Recovered,173
Australia,South Australia,2020-04-07T00:00:00Z,Deaths,1
Australia,South Australia,2020-04-07T00:00:00Z,Confirmed,411
Australia,South Australia,2020-04-07T00:00:00Z,Recovered,53
Australia,Tasmania,2020-04-07T00:00:00Z,Deaths,2
Australia,Tasmania,2020-04-07T00:00:00Z,Confirmed,89
Australia,Tasmania,2020-04-07T00:00:00Z,Recovered,26
Australia,Victoria,2020-04-07T00:00:00Z,Deaths,11
Australia,Victoria,2020-04-07T00:00:00Z,Confirmed,1191
Australia,Victoria,2020-04-07T00:00:00Z,Recovered,620
Australia,Western Australia,2020-04-07T00:00:00Z,Deaths,4
Australia,Western Australia,2020-04-07T00:00:00Z,Confirmed,460
Australia,Western Australia,2020-04-07T00:00:00Z,Recovered,162
Austria,"",2020-04-07T00:00:00Z,Deaths,243
Austria,"",2020-04-07T00:00:00Z,Confirmed,12639
Austria,"",2020-04-07T00:00:00Z,Recovered,4046
Azerbaijan,"",2020-04-07T00:00:00Z,Deaths,8
Azerbaijan,"",2020-04-07T00:00:00Z,Confirmed,717
Azerbaijan,"",2020-04-07T00:00:00Z,Recovered,44
Bahamas,"",2020-04-07T00:00:00Z,Deaths,6
Bahamas,"",2020-04-07T00:00:00Z,Confirmed,33
Bahamas,"",2020-04-07T00:00:00Z,Recovered,5
Bahrain,"",2020-04-07T00:00:00Z,Deaths,5
Bahrain,"",2020-04-07T00:00:00Z,Confirmed,811
Bahrain,"",2020-04-07T00:00:00Z,Recovered,458
Bangladesh,"",2020-04-07T00:00:00Z,Deaths,17
Bangladesh,"",2020-04-07T00:00:00Z,Confirmed,164
Bangladesh,"",2020-04-07T00:00:00Z,Recovered,33
Barbados,"",2020-04-07T00:00:00Z,Deaths,3
Barbados,"",2020-04-07T00:00:00Z,Confirmed,63
Barbados,"",2020-04-07T00:00:00Z,Recovered,6
Belarus,"",2020-04-07T00:00:00Z,Deaths,13
Belarus,"",2020-04-07T00:00:00Z,Confirmed,861
Belarus,"",2020-04-07T00:00:00Z,Recovered,54
Belgium,"",2020-04-07T00:00:00Z,Deaths,2035
Belgium,"",2020-04-07T00:00:00Z,Confirmed,22194
Belgium,"",2020-04-07T00:00:00Z,Recovered,4157
Belize,"",2020-04-07T00:00:00Z,Deaths,1
Belize,"",2020-04-07T00:00:00Z,Confirmed,7
Belize,"",2020-04-07T00:00:00Z,Recovered,0
Benin,"",2020-04-07T00:00:00Z,Deaths,1
Benin,"",2020-04-07T00:00:00Z,Confirmed,26
Benin,"",2020-04-07T00:00:00Z,Recovered,5
Bhutan,"",2020-04-07T00:00:00Z,Deaths,0
Bhutan,"",2020-04-07T00:00:00Z,Confirmed,5
Bhutan,"",2020-04-07T00:00:00Z,Recovered,2
Bolivia,"",2020-04-07T00:00:00Z,Deaths,14
Bolivia,"",2020-04-07T00:00:00Z,Confirmed,194
Bolivia,"",2020-04-07T00:00:00Z,Recovered,2
Bosnia and Herzegovina,"",2020-04-07T00:00:00Z,Deaths,33
Bosnia and Herzegovina,"",2020-04-07T00:00:00Z,Confirmed,764
Bosnia and Herzegovina,"",2020-04-07T00:00:00Z,Recovered,68
Botswana,"",2020-04-07T00:00:00Z,Deaths,1
Botswana,"",2020-04-07T00:00:00Z,Confirmed,6
Botswana,"",2020-04-07T00:00:00Z,Recovered,0
Brazil,"",2020-04-07T00:00:00Z,Deaths,686
Brazil,"",2020-04-07T00:00:00Z,Confirmed,14034
Brazil,"",2020-04-07T00:00:00Z,Recovered,127
Brunei,"",2020-04-07T00:00:00Z,Deaths,1
Brunei,"",2020-04-07T00:00:00Z,Confirmed,135
Brunei,"",2020-04-07T00:00:00Z,Recovered,85
Bulgaria,"",2020-04-07T00:00:00Z,Deaths,23
Bulgaria,"",2020-04-07T00:00:00Z,Confirmed,577
Bulgaria,"",2020-04-07T00:00:00Z,Recovered,42
Burkina Faso,"",2020-04-07T00:00:00Z,Deaths,19
Burkina Faso,"",2020-04-07T00:00:00Z,Confirmed,384
Burkina Faso,"",2020-04-07T00:00:00Z,Recovered,127
Burma,"",2020-04-07T00:00:00Z,Deaths,1
Burma,"",2020-04-07T00:00:00Z,Confirmed,22
Burma,"",2020-04-07T00:00:00Z,Recovered,0
Burundi,"",2020-04-07T00:00:00Z,Deaths,0
Burundi,"",2020-04-07T00:00:00Z,Confirmed,3
Burundi,"",2020-04-07T00:00:00Z,Recovered,0
Cabo Verde,"",2020-04-07T00:00:00Z,Deaths,1
Cabo Verde,"",2020-04-07T00:00:00Z,Confirmed,7
Cabo Verde,"",2020-04-07T00:00:00Z,Recovered,1
Cambodia,"",2020-04-07T00:00:00Z,Deaths,0
Cambodia,"",2020-04-07T00:00:00Z,Confirmed,115
Cambodia,"",2020-04-07T00:00:00Z,Recovered,58
Cameroon,"",2020-04-07T00:00:00Z,Deaths,9
Cameroon,"",2020-04-07T00:00:00Z,Confirmed,658
Cameroon,"",2020-04-07T00:00:00Z,Recovered,43
Canada,Alberta,2020-04-07T00:00:00Z,Deaths,24
Canada,Alberta,2020-04-07T00:00:00Z,Confirmed,1373
Canada,Alberta,2020-04-07T00:00:00Z,Recovered,0
Canada,British Columbia,2020-04-07T00:00:00Z,Deaths,39
Canada,British Columbia,2020-04-07T00:00:00Z,Confirmed,1266
Canada,British Columbia,2020-04-07T00:00:00Z,Recovered,0
Canada,Diamond Princess,2020-04-07T00:00:00Z,Deaths,1
Canada,Diamond Princess,2020-04-07T00:00:00Z,Confirmed,0
Canada,Diamond Princess,2020-04-07T00:00:00Z,Recovered,0
Canada,Grand Princess,2020-04-07T00:00:00Z,Deaths,0
Canada,Grand Princess,2020-04-07T00:00:00Z,Confirmed,13
Canada,Grand Princess,2020-04-07T00:00:00Z,Recovered,0
Canada,Manitoba,2020-04-07T00:00:00Z,Deaths,3
Canada,Manitoba,2020-04-07T00:00:00Z,Confirmed,217
Canada,Manitoba,2020-04-07T00:00:00Z,Recovered,0
Canada,New Brunswick,2020-04-07T00:00:00Z,Deaths,0
Canada,New Brunswick,2020-04-07T00:00:00Z,Confirmed,105
Canada,New Brunswick,2020-04-07T00:00:00Z,Recovered,0
Canada,Newfoundland and Labrador,2020-04-07T00:00:00Z,Deaths,1
Canada,Newfoundland and Labrador,2020-04-07T00:00:00Z,Confirmed,228
Canada,Newfoundland and Labrador,2020-04-07T00:00:00Z,Recovered,0
Canada,Northwest Territories,2020-04-07T00:00:00Z,Deaths,0
Canada,Northwest Territories,2020-04-07T00:00:00Z,Confirmed,5
Canada,Northwest Territories,2020-04-07T00:00:00Z,Recovered,0
Canada,Nova Scotia,2020-04-07T00:00:00Z,Deaths,1
Canada,Nova Scotia,2020-04-07T00:00:00Z,Confirmed,310
Canada,Nova Scotia,2020-04-07T00:00:00Z,Recovered,0
Canada,Ontario,2020-04-07T00:00:00Z,Deaths,153
Canada,Ontario,2020-04-07T00:00:00Z,Confirmed,4726
Canada,Ontario,2020-04-07T00:00:00Z,Recovered,0
Canada,Prince Edward Island,2020-04-07T00:00:00Z,Deaths,0
Canada,Prince Edward Island,2020-04-07T00:00:00Z,Confirmed,22
Canada,Prince Edward Island,2020-04-07T00:00:00Z,Recovered,0
Canada,Quebec,2020-04-07T00:00:00Z,Deaths,150
Canada,Quebec,2020-04-07T00:00:00Z,Confirmed,9340
Canada,Quebec,2020-04-07T00:00:00Z,Recovered,0
Canada,Recovered,2020-04-07T00:00:00Z,Deaths,0
Canada,Recovered,2020-04-07T00:00:00Z,Confirmed,0
Canada,Recovered,2020-04-07T00:00:00Z,Recovered,3791
Canada,Saskatchewan,2020-04-07T00:00:00Z,Deaths,3
Canada,Saskatchewan,2020-04-07T00:00:00Z,Confirmed,260
Canada,Saskatchewan,2020-04-07T00:00:00Z,Recovered,0
Canada,Yukon,2020-04-07T00:00:00Z,Deaths,0
Canada,Yukon,2020-04-07T00:00:00Z,Confirmed,7
Canada,Yukon,2020-04-07T00:00:00Z,Recovered,0
Central African Republic,"",2020-04-07T00:00:00Z,Deaths,0
Central African Republic,"",2020-04-07T00:00:00Z,Confirmed,8
Central African Republic,"",2020-04-07T00:00:00Z,Recovered,0
Chad,"",2020-04-07T00:00:00Z,Deaths,0
Chad,"",2020-04-07T00:00:00Z,Confirmed,10
Chad,"",2020-04-07T00:00:00Z,Recovered,2
Chile,"",2020-04-07T00:00:00Z,Deaths,43
Chile,"",2020-04-07T00:00:00Z,Confirmed,5116
Chile,"",2020-04-07T00:00:00Z,Recovered,898
China,Anhui,2020-04-07T00:00:00Z,Deaths,6
China,Anhui,2020-04-07T00:00:00Z,Confirmed,990
China,Anhui,2020-04-07T00:00:00Z,Recovered,984
China,Beijing,2020-04-07T00:00:00Z,Deaths,8
China,Beijing,2020-04-07T00:00:00Z,Confirmed,587
China,Beijing,2020-04-07T00:00:00Z,Recovered,448
China,Chongqing,2020-04-07T00:00:00Z,Deaths,6
China,Chongqing,2020-04-07T00:00:00Z,Confirmed,579
China,Chongqing,2020-04-07T00:00:00Z,Recovered,570
China,Fujian,2020-04-07T00:00:00Z,Deaths,1
China,Fujian,2020-04-07T00:00:00Z,Confirmed,351
China,Fujian,2020-04-07T00:00:00Z,Recovered,305
China,Gansu,2020-04-07T00:00:00Z,Deaths,2
China,Gansu,2020-04-07T00:00:00Z,Confirmed,139
China,Gansu,2020-04-07T00:00:00Z,Recovered,132
China,Guangdong,2020-04-07T00:00:00Z,Deaths,8
China,Guangdong,2020-04-07T00:00:00Z,Confirmed,1533
China,Guangdong,2020-04-07T00:00:00Z,Recovered,1401
China,Guangxi,2020-04-07T00:00:00Z,Deaths,2
China,Guangxi,2020-04-07T00:00:00Z,Confirmed,254
China,Guangxi,2020-04-07T00:00:00Z,Recovered,252
China,Guizhou,2020-04-07T00:00:00Z,Deaths,2
China,Guizhou,2020-04-07T00:00:00Z,Confirmed,146
China,Guizhou,2020-04-07T00:00:00Z,Recovered,144
China,Hainan,2020-04-07T00:00:00Z,Deaths,6
China,Hainan,2020-04-07T00:00:00Z,Confirmed,168
China,Hainan,2020-04-07T00:00:00Z,Recovered,162
China,Hebei,2020-04-07T00:00:00Z,Deaths,6
China,Hebei,2020-04-07T00:00:00Z,Confirmed,327
China,Hebei,2020-04-07T00:00:00Z,Recovered,312
China,Heilongjiang,2020-04-07T00:00:00Z,Deaths,13
China,Heilongjiang,2020-04-07T00:00:00Z,Confirmed,544
China,Heilongjiang,2020-04-07T00:00:00Z,Recovered,469
China,Henan,2020-04-07T00:00:00Z,Deaths,22
China,Henan,2020-04-07T00:00:00Z,Confirmed,1276
China,Henan,2020-04-07T00:00:00Z,Recovered,1252
China,Hong Kong,2020-04-07T00:00:00Z,Deaths,4
China,Hong Kong,2020-04-07T00:00:00Z,Confirmed,935
China,Hong Kong,2020-04-07T00:00:00Z,Recovered,216
China,Hubei,2020-04-07T00:00:00Z,Deaths,3212
China,Hubei,2020-04-07T00:00:00Z,Confirmed,67803
China,Hubei,2020-04-07T00:00:00Z,Recovered,64073
China,Hunan,2020-04-07T00:00:00Z,Deaths,4
China,Hunan,2020-04-07T00:00:00Z,Confirmed,1019
China,Hunan,2020-04-07T00:00:00Z,Recovered,1014
China,Inner Mongolia,2020-04-07T00:00:00Z,Deaths,1
China,Inner Mongolia,2020-04-07T00:00:00Z,Confirmed,121
China,Inner Mongolia,2020-04-07T00:00:00Z,Recovered,74
China,Jiangsu,2020-04-07T00:00:00Z,Deaths,0
China,Jiangsu,2020-04-07T00:00:00Z,Confirmed,651
China,Jiangsu,2020-04-07T00:00:00Z,Recovered,633
China,Jiangxi,2020-04-07T00:00:00Z,Deaths,1
China,Jiangxi,2020-04-07T00:00:00Z,Confirmed,937
China,Jiangxi,2020-04-07T00:00:00Z,Recovered,935
China,Jilin,2020-04-07T00:00:00Z,Deaths,1
China,Jilin,2020-04-07T00:00:00Z,Confirmed,98
China,Jilin,2020-04-07T00:00:00Z,Recovered,92
China,Liaoning,2020-04-07T00:00:00Z,Deaths,2
China,Liaoning,2020-04-07T00:00:00Z,Confirmed,144
China,Liaoning,2020-04-07T00:00:00Z,Recovered,130
China,Macau,2020-04-07T00:00:00Z,Deaths,0
China,Macau,2020-04-07T00:00:00Z,Confirmed,44
China,Macau,2020-04-07T00:00:00Z,Recovered,10
China,Ningxia,2020-04-07T00:00:00Z,Deaths,0
China,Ningxia,2020-04-07T00:00:00Z,Confirmed,75
China,Ningxia,2020-04-07T00:00:00Z,Recovered,75
China,Qinghai,2020-04-07T00:00:00Z,Deaths,0
China,Qinghai,2020-04-07T00:00:00Z,Confirmed,18
China,Qinghai,2020-04-07T00:00:00Z,Recovered,18
China,Shaanxi,2020-04-07T00:00:00Z,Deaths,3
China,Shaanxi,2020-04-07T00:00:00Z,Confirmed,256
China,Shaanxi,2020-04-07T00:00:00Z,Recovered,246
China,Shandong,2020-04-07T00:00:00Z,Deaths,7
China,Shandong,2020-04-07T00:00:00Z,Confirmed,781
China,Shandong,2020-04-07T00:00:00Z,Recovered,755
China,Shanghai,2020-04-07T00:00:00Z,Deaths,6
China,Shanghai,2020-04-07T00:00:00Z,Confirmed,538
China,Shanghai,2020-04-07T00:00:00Z,Recovered,406
China,Shanxi,2020-04-07T00:00:00Z,Deaths,0
China,Shanxi,2020-04-07T00:00:00Z,Confirmed,138
China,Shanxi,2020-04-07T00:00:00Z,Recovered,133
China,Sichuan,2020-04-07T00:00:00Z,Deaths,3
China,Sichuan,2020-04-07T00:00:00Z,Confirmed,560
China,Sichuan,2020-04-07T00:00:00Z,Recovered,541
China,Tianjin,2020-04-07T00:00:00Z,Deaths,3
China,Tianjin,2020-04-07T00:00:00Z,Confirmed,180
China,Tianjin,2020-04-07T00:00:00Z,Recovered,151
China,Tibet,2020-04-07T00:00:00Z,Deaths,0
China,Tibet,2020-04-07T00:00:00Z,Confirmed,1
China,Tibet,2020-04-07T00:00:00Z,Recovered,1
China,Xinjiang,2020-04-07T00:00:00Z,Deaths,3
China,Xinjiang,2020-04-07T00:00:00Z,Confirmed,76
China,Xinjiang,2020-04-07T00:00:00Z,Recovered,73
China,Yunnan,2020-04-07T00:00:00Z,Deaths,2
China,Yunnan,2020-04-07T00:00:00Z,Confirmed,184
China,Yunnan,2020-04-07T00:00:00Z,Recovered,173
China,Zhejiang,2020-04-07T00:00:00Z,Deaths,1
China,Zhejiang,2020-04-07T00:00:00Z,Confirmed,1265
China,Zhejiang,2020-04-07T00:00:00Z,Recovered,1230
Colombia,"",2020-04-07T00:00:00Z,Deaths,50
Colombia,"",2020-04-07T00:00:00Z,Confirmed,1780
Colombia,"",2020-04-07T00:00:00Z,Recovered,100
Republic of the Congo,"",2020-04-07T00:00:00Z,Deaths,5
Republic of the Congo,"",2020-04-07T00:00:00Z,Confirmed,45
Republic of the Congo,"",2020-04-07T00:00:00Z,Recovered,2
Republic of the Congo,"",2020-04-07T00:00:00Z,Deaths,18
Republic of the Congo,"",2020-04-07T00:00:00Z,Confirmed,180
Republic of the Congo,"",2020-04-07T00:00:00Z,Recovered,9
Costa Rica,"",2020-04-07T00:00:00Z,Deaths,2
Costa Rica,"",2020-04-07T00:00:00Z,Confirmed,483
Costa Rica,"",2020-04-07T00:00:00Z,Recovered,24
Cote d'Ivoire,"",2020-04-07T00:00:00Z,Deaths,3
Cote d'Ivoire,"",2020-04-07T00:00:00Z,Confirmed,349
Cote d'Ivoire,"",2020-04-07T00:00:00Z,Recovered,41
Croatia,"",2020-04-07T00:00:00Z,Deaths,18
Croatia,"",2020-04-07T00:00:00Z,Confirmed,1282
Croatia,"",2020-04-07T00:00:00Z,Recovered,167
Cuba,"",2020-04-07T00:00:00Z,Deaths,11
Cuba,"",2020-04-07T00:00:00Z,Confirmed,396
Cuba,"",2020-04-07T00:00:00Z,Recovered,27
Cyprus,"",2020-04-07T00:00:00Z,Deaths,9
Cyprus,"",2020-04-07T00:00:00Z,Confirmed,494
Cyprus,"",2020-04-07T00:00:00Z,Recovered,47
Czechia,"",2020-04-07T00:00:00Z,Deaths,88
Czechia,"",2020-04-07T00:00:00Z,Confirmed,5017
Czechia,"",2020-04-07T00:00:00Z,Recovered,172
Denmark,"",2020-04-07T00:00:00Z,Deaths,203
Denmark,"",2020-04-07T00:00:00Z,Confirmed,5071
Denmark,"",2020-04-07T00:00:00Z,Recovered,1491
Denmark,Faroe Islands,2020-04-07T00:00:00Z,Deaths,0
Denmark,Faroe Islands,2020-04-07T00:00:00Z,Confirmed,184
Denmark,Faroe Islands,2020-04-07T00:00:00Z,Recovered,120
Denmark,Greenland,2020-04-07T00:00:00Z,Deaths,0
Denmark,Greenland,2020-04-07T00:00:00Z,Confirmed,11
Denmark,Greenland,2020-04-07T00:00:00Z,Recovered,10
Diamond Princess,"",2020-04-07T00:00:00Z,Deaths,11
Diamond Princess,"",2020-04-07T00:00:00Z,Confirmed,712
Diamond Princess,"",2020-04-07T00:00:00Z,Recovered,619
Djibouti,"",2020-04-07T00:00:00Z,Deaths,0
Djibouti,"",2020-04-07T00:00:00Z,Confirmed,90
Djibouti,"",2020-04-07T00:00:00Z,Recovered,9
Dominica,"",2020-04-07T00:00:00Z,Deaths,0
Dominica,"",2020-04-07T00:00:00Z,Confirmed,15
Dominica,"",2020-04-07T00:00:00Z,Recovered,1
Dominican Republic,"",2020-04-07T00:00:00Z,Deaths,98
Dominican Republic,"",2020-04-07T00:00:00Z,Confirmed,1956
Dominican Republic,"",2020-04-07T00:00:00Z,Recovered,36
Ecuador,"",2020-04-07T00:00:00Z,Deaths,191
Ecuador,"",2020-04-07T00:00:00Z,Confirmed,3747
Ecuador,"",2020-04-07T00:00:00Z,Recovered,100
Egypt,"",2020-04-07T00:00:00Z,Deaths,94
Egypt,"",2020-04-07T00:00:00Z,Confirmed,1450
Egypt,"",2020-04-07T00:00:00Z,Recovered,276
El Salvador,"",2020-04-07T00:00:00Z,Deaths,4
El Salvador,"",2020-04-07T00:00:00Z,Confirmed,78
El Salvador,"",2020-04-07T00:00:00Z,Recovered,5
Equatorial Guinea,"",2020-04-07T00:00:00Z,Deaths,0
Equatorial Guinea,"",2020-04-07T00:00:00Z,Confirmed,16
Equatorial Guinea,"",2020-04-07T00:00:00Z,Recovered,3
Eritrea,"",2020-04-07T00:00:00Z,Deaths,0
Eritrea,"",2020-04-07T00:00:00Z,Confirmed,31
Eritrea,"",2020-04-07T00:00:00Z,Recovered,0
Estonia,"",2020-04-07T00:00:00Z,Deaths,21
Estonia,"",2020-04-07T00:00:00Z,Confirmed,1149
Estonia,"",2020-04-07T00:00:00Z,Recovered,69
Eswatini,"",2020-04-07T00:00:00Z,Deaths,0
Eswatini,"",2020-04-07T00:00:00Z,Confirmed,10
Eswatini,"",2020-04-07T00:00:00Z,Recovered,4
Ethiopia,"",2020-04-07T00:00:00Z,Deaths,2
Ethiopia,"",2020-04-07T00:00:00Z,Confirmed,52
Ethiopia,"",2020-04-07T00:00:00Z,Recovered,4
Fiji,"",2020-04-07T00:00:00Z,Deaths,0
Fiji,"",2020-04-07T00:00:00Z,Confirmed,15
Fiji,"",2020-04-07T00:00:00Z,Recovered,0
Finland,"",2020-04-07T00:00:00Z,Deaths,34
Finland,"",2020-04-07T00:00:00Z,Confirmed,2308
Finland,"",2020-04-07T00:00:00Z,Recovered,300
France,"",2020-04-07T00:00:00Z,Deaths,10328
France,"",2020-04-07T00:00:00Z,Confirmed,109069
France,"",2020-04-07T00:00:00Z,Recovered,19337
France,French Guiana,2020-04-07T00:00:00Z,Deaths,0
France,French Guiana,2020-04-07T00:00:00Z,Confirmed,72
France,French Guiana,2020-04-07T00:00:00Z,Recovered,34
France,French Polynesia,2020-04-07T00:00:00Z,Deaths,0
France,French Polynesia,2020-04-07T00:00:00Z,Confirmed,47
France,French Polynesia,2020-04-07T00:00:00Z,Recovered,0
France,Guadeloupe,2020-04-07T00:00:00Z,Deaths,7
France,Guadeloupe,2020-04-07T00:00:00Z,Confirmed,139
France,Guadeloupe,2020-04-07T00:00:00Z,Recovered,31
France,Martinique,2020-04-07T00:00:00Z,Deaths,4
France,Martinique,2020-04-07T00:00:00Z,Confirmed,152
France,Martinique,2020-04-07T00:00:00Z,Recovered,50
France,Mayotte,2020-04-07T00:00:00Z,Deaths,2
France,Mayotte,2020-04-07T00:00:00Z,Confirmed,171
France,Mayotte,2020-04-07T00:00:00Z,Recovered,22
France,New Caledonia,2020-04-07T00:00:00Z,Deaths,0
France,New Caledonia,2020-04-07T00:00:00Z,Confirmed,18
France,New Caledonia,2020-04-07T00:00:00Z,Recovered,1
France,Reunion,2020-04-07T00:00:00Z,Deaths,0
France,Reunion,2020-04-07T00:00:00Z,Confirmed,358
France,Reunion,2020-04-07T00:00:00Z,Recovered,40
France,Saint Barthelemy,2020-04-07T00:00:00Z,Deaths,0
France,Saint Barthelemy,2020-04-07T00:00:00Z,Confirmed,6
France,Saint Barthelemy,2020-04-07T00:00:00Z,Recovered,1
France,Saint Pierre and Miquelon,2020-04-07T00:00:00Z,Deaths,0
France,Saint Pierre and Miquelon,2020-04-07T00:00:00Z,Confirmed,1
France,Saint Pierre and Miquelon,2020-04-07T00:00:00Z,Recovered,0
France,St Martin,2020-04-07T00:00:00Z,Deaths,2
France,St Martin,2020-04-07T00:00:00Z,Confirmed,32
France,St Martin,2020-04-07T00:00:00Z,Recovered,7
Gabon,"",2020-04-07T00:00:00Z,Deaths,1
Gabon,"",2020-04-07T00:00:00Z,Confirmed,30
Gabon,"",2020-04-07T00:00:00Z,Recovered,1
Gambia,"",2020-04-07T00:00:00Z,Deaths,1
Gambia,"",2020-04-07T00:00:00Z,Confirmed,4
Gambia,"",2020-04-07T00:00:00Z,Recovered,2
Georgia,"",2020-04-07T00:00:00Z,Deaths,3
Georgia,"",2020-04-07T00:00:00Z,Confirmed,196
Georgia,"",2020-04-07T00:00:00Z,Recovered,46
Germany,"",2020-04-07T00:00:00Z,Deaths,2016
Germany,"",2020-04-07T00:00:00Z,Confirmed,107663
Germany,"",2020-04-07T00:00:00Z,Recovered,36081
Ghana,"",2020-04-07T00:00:00Z,Deaths,5
Ghana,"",2020-04-07T00:00:00Z,Confirmed,287
Ghana,"",2020-04-07T00:00:00Z,Recovered,31
Greece,"",2020-04-07T00:00:00Z,Deaths,81
Greece,"",2020-04-07T00:00:00Z,Confirmed,1832
Greece,"",2020-04-07T00:00:00Z,Recovered,269
Grenada,"",2020-04-07T00:00:00Z,Deaths,0
Grenada,"",2020-04-07T00:00:00Z,Confirmed,12
Grenada,"",2020-04-07T00:00:00Z,Recovered,0
Guatemala,"",2020-04-07T00:00:00Z,Deaths,3
Guatemala,"",2020-04-07T00:00:00Z,Confirmed,77
Guatemala,"",2020-04-07T00:00:00Z,Recovered,17
Guinea,"",2020-04-07T00:00:00Z,Deaths,0
Guinea,"",2020-04-07T00:00:00Z,Confirmed,144
Guinea,"",2020-04-07T00:00:00Z,Recovered,5
Guinea-Bissau,"",2020-04-07T00:00:00Z,Deaths,0
Guinea-Bissau,"",2020-04-07T00:00:00Z,Confirmed,33
Guinea-Bissau,"",2020-04-07T00:00:00Z,Recovered,0
Guyana,"",2020-04-07T00:00:00Z,Deaths,5
Guyana,"",2020-04-07T00:00:00Z,Confirmed,33
Guyana,"",2020-04-07T00:00:00Z,Recovered,8
Haiti,"",2020-04-07T00:00:00Z,Deaths,1
Haiti,"",2020-04-07T00:00:00Z,Confirmed,25
Haiti,"",2020-04-07T00:00:00Z,Recovered,0
Holy See,"",2020-04-07T00:00:00Z,Deaths,0
Holy See,"",2020-04-07T00:00:00Z,Confirmed,7
Holy See,"",2020-04-07T00:00:00Z,Recovered,0
Honduras,"",2020-04-07T00:00:00Z,Deaths,22
Honduras,"",2020-04-07T00:00:00Z,Confirmed,305
Honduras,"",2020-04-07T00:00:00Z,Recovered,6
Hungary,"",2020-04-07T00:00:00Z,Deaths,47
Hungary,"",2020-04-07T00:00:00Z,Confirmed,817
Hungary,"",2020-04-07T00:00:00Z,Recovered,71
Iceland,"",2020-04-07T00:00:00Z,Deaths,6
Iceland,"",2020-04-07T00:00:00Z,Confirmed,1586
Iceland,"",2020-04-07T00:00:00Z,Recovered,559
India,"",2020-04-07T00:00:00Z,Deaths,150
India,"",2020-04-07T00:00:00Z,Confirmed,5311
India,"",2020-04-07T00:00:00Z,Recovered,421
Indonesia,"",2020-04-07T00:00:00Z,Deaths,221
Indonesia,"",2020-04-07T00:00:00Z,Confirmed,2738
Indonesia,"",2020-04-07T00:00:00Z,Recovered,204
Iran,"",2020-04-07T00:00:00Z,Deaths,3872
Iran,"",2020-04-07T00:00:00Z,Confirmed,62589
Iran,"",2020-04-07T00:00:00Z,Recovered,27039
Iraq,"",2020-04-07T00:00:00Z,Deaths,65
Iraq,"",2020-04-07T00:00:00Z,Confirmed,1122
Iraq,"",2020-04-07T00:00:00Z,Recovered,373
Ireland,"",2020-04-07T00:00:00Z,Deaths,210
Ireland,"",2020-04-07T00:00:00Z,Confirmed,5709
Ireland,"",2020-04-07T00:00:00Z,Recovered,25
Israel,"",2020-04-07T00:00:00Z,Deaths,65
Israel,"",2020-04-07T00:00:00Z,Confirmed,9248
Israel,"",2020-04-07T00:00:00Z,Recovered,770
Italy,"",2020-04-07T00:00:00Z,Deaths,17127
Italy,"",2020-04-07T00:00:00Z,Confirmed,135586
Italy,"",2020-04-07T00:00:00Z,Recovered,24392
Jamaica,"",2020-04-07T00:00:00Z,Deaths,3
Jamaica,"",2020-04-07T00:00:00Z,Confirmed,63
Jamaica,"",2020-04-07T00:00:00Z,Recovered,8
Japan,"",2020-04-07T00:00:00Z,Deaths,92
Japan,"",2020-04-07T00:00:00Z,Confirmed,3906
Japan,"",2020-04-07T00:00:00Z,Recovered,592
Jordan,"",2020-04-07T00:00:00Z,Deaths,6
Jordan,"",2020-04-07T00:00:00Z,Confirmed,353
Jordan,"",2020-04-07T00:00:00Z,Recovered,138
Kazakhstan,"",2020-04-07T00:00:00Z,Deaths,6
Kazakhstan,"",2020-04-07T00:00:00Z,Confirmed,697
Kazakhstan,"",2020-04-07T00:00:00Z,Recovered,51
Kenya,"",2020-04-07T00:00:00Z,Deaths,6
Kenya,"",2020-04-07T00:00:00Z,Confirmed,172
Kenya,"",2020-04-07T00:00:00Z,Recovered,7
South Korea,"",2020-04-07T00:00:00Z,Deaths,192
South Korea,"",2020-04-07T00:00:00Z,Confirmed,10331
South Korea,"",2020-04-07T00:00:00Z,Recovered,6694
Kosovo,"",2020-04-07T00:00:00Z,Deaths,4
Kosovo,"",2020-04-07T00:00:00Z,Confirmed,170
Kosovo,"",2020-04-07T00:00:00Z,Recovered,24
Kuwait,"",2020-04-07T00:00:00Z,Deaths,1
Kuwait,"",2020-04-07T00:00:00Z,Confirmed,743
Kuwait,"",2020-04-07T00:00:00Z,Recovered,105
Kyrgyzstan,"",2020-04-07T00:00:00Z,Deaths,4
Kyrgyzstan,"",2020-04-07T00:00:00Z,Confirmed,228
Kyrgyzstan,"",2020-04-07T00:00:00Z,Recovered,33
Laos,"",2020-04-07T00:00:00Z,Deaths,0
Laos,"",2020-04-07T00:00:00Z,Confirmed,14
Laos,"",2020-04-07T00:00:00Z,Recovered,0
Latvia,"",2020-04-07T00:00:00Z,Deaths,2
Latvia,"",2020-04-07T00:00:00Z,Confirmed,548
Latvia,"",2020-04-07T00:00:00Z,Recovered,16
Lebanon,"",2020-04-07T00:00:00Z,Deaths,19
Lebanon,"",2020-04-07T00:00:00Z,Confirmed,548
Lebanon,"",2020-04-07T00:00:00Z,Recovered,62
Liberia,"",2020-04-07T00:00:00Z,Deaths,3
Liberia,"",2020-04-07T00:00:00Z,Confirmed,14
Liberia,"",2020-04-07T00:00:00Z,Recovered,3
Libya,"",2020-04-07T00:00:00Z,Deaths,1
Libya,"",2020-04-07T00:00:00Z,Confirmed,20
Libya,"",2020-04-07T00:00:00Z,Recovered,1
Liechtenstein,"",2020-04-07T00:00:00Z,Deaths,1
Liechtenstein,"",2020-04-07T00:00:00Z,Confirmed,78
Liechtenstein,"",2020-04-07T00:00:00Z,Recovered,55
Lithuania,"",2020-04-07T00:00:00Z,Deaths,15
Lithuania,"",2020-04-07T00:00:00Z,Confirmed,880
Lithuania,"",2020-04-07T00:00:00Z,Recovered,8
Luxembourg,"",2020-04-07T00:00:00Z,Deaths,44
Luxembourg,"",2020-04-07T00:00:00Z,Confirmed,2970
Luxembourg,"",2020-04-07T00:00:00Z,Recovered,500
MS Zaandam,"",2020-04-07T00:00:00Z,Deaths,2
MS Zaandam,"",2020-04-07T00:00:00Z,Confirmed,9
MS Zaandam,"",2020-04-07T00:00:00Z,Recovered,0
Madagascar,"",2020-04-07T00:00:00Z,Deaths,0
Madagascar,"",2020-04-07T00:00:00Z,Confirmed,88
Madagascar,"",2020-04-07T00:00:00Z,Recovered,7
Malawi,"",2020-04-07T00:00:00Z,Deaths,1
Malawi,"",2020-04-07T00:00:00Z,Confirmed,8
Malawi,"",2020-04-07T00:00:00Z,Recovered,0
Malaysia,"",2020-04-07T00:00:00Z,Deaths,63
Malaysia,"",2020-04-07T00:00:00Z,Confirmed,3963
Malaysia,"",2020-04-07T00:00:00Z,Recovered,1321
Maldives,"",2020-04-07T00:00:00Z,Deaths,0
Maldives,"",2020-04-07T00:00:00Z,Confirmed,19
Maldives,"",2020-04-07T00:00:00Z,Recovered,13
Mali,"",2020-04-07T00:00:00Z,Deaths,5
Mali,"",2020-04-07T00:00:00Z,Confirmed,56
Mali,"",2020-04-07T00:00:00Z,Recovered,12
Malta,"",2020-04-07T00:00:00Z,Deaths,0
Malta,"",2020-04-07T00:00:00Z,Confirmed,293
Malta,"",2020-04-07T00:00:00Z,Recovered,5
Mauritania,"",2020-04-07T00:00:00Z,Deaths,1
Mauritania,"",2020-04-07T00:00:00Z,Confirmed,6
Mauritania,"",2020-04-07T00:00:00Z,Recovered,2
Mauritius,"",2020-04-07T00:00:00Z,Deaths,7
Mauritius,"",2020-04-07T00:00:00Z,Confirmed,268
Mauritius,"",2020-04-07T00:00:00Z,Recovered,8
Mexico,"",2020-04-07T00:00:00Z,Deaths,125
Mexico,"",2020-04-07T00:00:00Z,Confirmed,2439
Mexico,"",2020-04-07T00:00:00Z,Recovered,633
Moldova,"",2020-04-07T00:00:00Z,Deaths,22
Moldova,"",2020-04-07T00:00:00Z,Confirmed,1056
Moldova,"",2020-04-07T00:00:00Z,Recovered,40
Monaco,"",2020-04-07T00:00:00Z,Deaths,1
Monaco,"",2020-04-07T00:00:00Z,Confirmed,79
Monaco,"",2020-04-07T00:00:00Z,Recovered,4
Mongolia,"",2020-04-07T00:00:00Z,Deaths,0
Mongolia,"",2020-04-07T00:00:00Z,Confirmed,15
Mongolia,"",2020-04-07T00:00:00Z,Recovered,4
Montenegro,"",2020-04-07T00:00:00Z,Deaths,2
Montenegro,"",2020-04-07T00:00:00Z,Confirmed,241
Montenegro,"",2020-04-07T00:00:00Z,Recovered,4
Morocco,"",2020-04-07T00:00:00Z,Deaths,90
Morocco,"",2020-04-07T00:00:00Z,Confirmed,1184
Morocco,"",2020-04-07T00:00:00Z,Recovered,93
Mozambique,"",2020-04-07T00:00:00Z,Deaths,0
Mozambique,"",2020-04-07T00:00:00Z,Confirmed,10
Mozambique,"",2020-04-07T00:00:00Z,Recovered,1
Namibia,"",2020-04-07T00:00:00Z,Deaths,0
Namibia,"",2020-04-07T00:00:00Z,Confirmed,16
Namibia,"",2020-04-07T00:00:00Z,Recovered,3
Nepal,"",2020-04-07T00:00:00Z,Deaths,0
Nepal,"",2020-04-07T00:00:00Z,Confirmed,9
Nepal,"",2020-04-07T00:00:00Z,Recovered,1
Netherlands,"",2020-04-07T00:00:00Z,Deaths,2101
Netherlands,"",2020-04-07T00:00:00Z,Confirmed,19580
Netherlands,"",2020-04-07T00:00:00Z,Recovered,250
Netherlands,Aruba,2020-04-07T00:00:00Z,Deaths,0
Netherlands,Aruba,2020-04-07T00:00:00Z,Confirmed,74
Netherlands,Aruba,2020-04-07T00:00:00Z,Recovered,14
Netherlands,"Bonaire, Sint Eustatius and Saba",2020-04-07T00:00:00Z,Deaths,0
Netherlands,"Bonaire, Sint Eustatius and Saba",2020-04-07T00:00:00Z,Confirmed,2
Netherlands,"Bonaire, Sint Eustatius and Saba",2020-04-07T00:00:00Z,Recovered,0
Netherlands,Curacao,2020-04-07T00:00:00Z,Deaths,1
Netherlands,Curacao,2020-04-07T00:00:00Z,Confirmed,13
Netherlands,Curacao,2020-04-07T00:00:00Z,Recovered,7
Netherlands,Sint Maarten,2020-04-07T00:00:00Z,Deaths,6
Netherlands,Sint Maarten,2020-04-07T00:00:00Z,Confirmed,40
Netherlands,Sint Maarten,2020-04-07T00:00:00Z,Recovered,1
New Zealand,"",2020-04-07T00:00:00Z,Deaths,1
New Zealand,"",2020-04-07T00:00:00Z,Confirmed,1160
New Zealand,"",2020-04-07T00:00:00Z,Recovered,241
Nicaragua,"",2020-04-07T00:00:00Z,Deaths,1
Nicaragua,"",2020-04-07T00:00:00Z,Confirmed,6
Nicaragua,"",2020-04-07T00:00:00Z,Recovered,0
Niger,"",2020-04-07T00:00:00Z,Deaths,11
Niger,"",2020-04-07T00:00:00Z,Confirmed,278
Niger,"",2020-04-07T00:00:00Z,Recovered,26
Nigeria,"",2020-04-07T00:00:00Z,Deaths,6
Nigeria,"",2020-04-07T00:00:00Z,Confirmed,254
Nigeria,"",2020-04-07T00:00:00Z,Recovered,44
North Macedonia,"",2020-04-07T00:00:00Z,Deaths,26
North Macedonia,"",2020-04-07T00:00:00Z,Confirmed,599
North Macedonia,"",2020-04-07T00:00:00Z,Recovered,30
Norway,"",2020-04-07T00:00:00Z,Deaths,89
Norway,"",2020-04-07T00:00:00Z,Confirmed,6086
Norway,"",2020-04-07T00:00:00Z,Recovered,32
Oman,"",2020-04-07T00:00:00Z,Deaths,2
Oman,"",2020-04-07T00:00:00Z,Confirmed,371
Oman,"",2020-04-07T00:00:00Z,Recovered,67
Pakistan,"",2020-04-07T00:00:00Z,Deaths,57
Pakistan,"",2020-04-07T00:00:00Z,Confirmed,4035
Pakistan,"",2020-04-07T00:00:00Z,Recovered,429
Panama,"",2020-04-07T00:00:00Z,Deaths,55
Panama,"",2020-04-07T00:00:00Z,Confirmed,2100
Panama,"",2020-04-07T00:00:00Z,Recovered,14
Papua New Guinea,"",2020-04-07T00:00:00Z,Deaths,0
Papua New Guinea,"",2020-04-07T00:00:00Z,Confirmed,2
Papua New Guinea,"",2020-04-07T00:00:00Z,Recovered,0
Paraguay,"",2020-04-07T00:00:00Z,Deaths,5
Paraguay,"",2020-04-07T00:00:00Z,Confirmed,115
Paraguay,"",2020-04-07T00:00:00Z,Recovered,15
Peru,"",2020-04-07T00:00:00Z,Deaths,107
Peru,"",2020-04-07T00:00:00Z,Confirmed,2954
Peru,"",2020-04-07T00:00:00Z,Recovered,1301
Philippines,"",2020-04-07T00:00:00Z,Deaths,177
Philippines,"",2020-04-07T00:00:00Z,Confirmed,3764
Philippines,"",2020-04-07T00:00:00Z,Recovered,84
Poland,"",2020-04-07T00:00:00Z,Deaths,129
Poland,"",2020-04-07T00:00:00Z,Confirmed,4848
Poland,"",2020-04-07T00:00:00Z,Recovered,191
Portugal,"",2020-04-07T00:00:00Z,Deaths,345
Portugal,"",2020-04-07T00:00:00Z,Confirmed,12442
Portugal,"",2020-04-07T00:00:00Z,Recovered,184
Qatar,"",2020-04-07T00:00:00Z,Deaths,6
Qatar,"",2020-04-07T00:00:00Z,Confirmed,2057
Qatar,"",2020-04-07T00:00:00Z,Recovered,150
Romania,"",2020-04-07T00:00:00Z,Deaths,197
Romania,"",2020-04-07T00:00:00Z,Confirmed,4417
Romania,"",2020-04-07T00:00:00Z,Recovered,460
Russia,"",2020-04-07T00:00:00Z,Deaths,58
Russia,"",2020-04-07T00:00:00Z,Confirmed,7497
Russia,"",2020-04-07T00:00:00Z,Recovered,494
Rwanda,"",2020-04-07T00:00:00Z,Deaths,0
Rwanda,"",2020-04-07T00:00:00Z,Confirmed,105
Rwanda,"",2020-04-07T00:00:00Z,Recovered,7
Saint Kitts and Nevis,"",2020-04-07T00:00:00Z,Deaths,0
Saint Kitts and Nevis,"",2020-04-07T00:00:00Z,Confirmed,11
Saint Kitts and Nevis,"",2020-04-07T00:00:00Z,Recovered,0
Saint Lucia,"",2020-04-07T00:00:00Z,Deaths,0
Saint Lucia,"",2020-04-07T00:00:00Z,Confirmed,14
Saint Lucia,"",2020-04-07T00:00:00Z,Recovered,1
Saint Vincent and the Grenadines,"",2020-04-07T00:00:00Z,Deaths,0
Saint Vincent and the Grenadines,"",2020-04-07T00:00:00Z,Confirmed,8
Saint Vincent and the Grenadines,"",2020-04-07T00:00:00Z,Recovered,1
San Marino,"",2020-04-07T00:00:00Z,Deaths,34
San Marino,"",2020-04-07T00:00:00Z,Confirmed,279
San Marino,"",2020-04-07T00:00:00Z,Recovered,40
Sao Tome and Principe,"",2020-04-07T00:00:00Z,Deaths,0
Sao Tome and Principe,"",2020-04-07T00:00:00Z,Confirmed,4
Sao Tome and Principe,"",2020-04-07T00:00:00Z,Recovered,0
Saudi Arabia,"",2020-04-07T00:00:00Z,Deaths,41
Saudi Arabia,"",2020-04-07T00:00:00Z,Confirmed,2795
Saudi Arabia,"",2020-04-07T00:00:00Z,Recovered,615
Senegal,"",2020-04-07T00:00:00Z,Deaths,2
Senegal,"",2020-04-07T00:00:00Z,Confirmed,237
Senegal,"",2020-04-07T00:00:00Z,Recovered,105
Serbia,"",2020-04-07T00:00:00Z,Deaths,61
Serbia,"",2020-04-07T00:00:00Z,Confirmed,2447
Serbia,"",2020-04-07T00:00:00Z,Recovered,0
Seychelles,"",2020-04-07T00:00:00Z,Deaths,0
Seychelles,"",2020-04-07T00:00:00Z,Confirmed,11
Seychelles,"",2020-04-07T00:00:00Z,Recovered,0
Sierra Leone,"",2020-04-07T00:00:00Z,Deaths,0
Sierra Leone,"",2020-04-07T00:00:00Z,Confirmed,6
Sierra Leone,"",2020-04-07T00:00:00Z,Recovered,0
Singapore,"",2020-04-07T00:00:00Z,Deaths,6
Singapore,"",2020-04-07T00:00:00Z,Confirmed,1481
Singapore,"",2020-04-07T00:00:00Z,Recovered,377
Slovakia,"",2020-04-07T00:00:00Z,Deaths,2
Slovakia,"",2020-04-07T00:00:00Z,Confirmed,581
Slovakia,"",2020-04-07T00:00:00Z,Recovered,13
Slovenia,"",2020-04-07T00:00:00Z,Deaths,36
Slovenia,"",2020-04-07T00:00:00Z,Confirmed,1059
Slovenia,"",2020-04-07T00:00:00Z,Recovered,102
Somalia,"",2020-04-07T00:00:00Z,Deaths,0
Somalia,"",2020-04-07T00:00:00Z,Confirmed,8
Somalia,"",2020-04-07T00:00:00Z,Recovered,1
South Africa,"",2020-04-07T00:00:00Z,Deaths,13
South Africa,"",2020-04-07T00:00:00Z,Confirmed,1749
South Africa,"",2020-04-07T00:00:00Z,Recovered,95
South Sudan,"",2020-04-07T00:00:00Z,Deaths,0
South Sudan,"",2020-04-07T00:00:00Z,Confirmed,2
South Sudan,"",2020-04-07T00:00:00Z,Recovered,0
Spain,"",2020-04-07T00:00:00Z,Deaths,14045
Spain,"",2020-04-07T00:00:00Z,Confirmed,141942
Spain,"",2020-04-07T00:00:00Z,Recovered,43208
Sri Lanka,"",2020-04-07T00:00:00Z,Deaths,6
Sri Lanka,"",2020-04-07T00:00:00Z,Confirmed,185
Sri Lanka,"",2020-04-07T00:00:00Z,Recovered,42
Sudan,"",2020-04-07T00:00:00Z,Deaths,2
Sudan,"",2020-04-07T00:00:00Z,Confirmed,14
Sudan,"",2020-04-07T00:00:00Z,Recovered,2
Suriname,"",2020-04-07T00:00:00Z,Deaths,1
Suriname,"",2020-04-07T00:00:00Z,Confirmed,10
Suriname,"",2020-04-07T00:00:00Z,Recovered,0
Sweden,"",2020-04-07T00:00:00Z,Deaths,591
Sweden,"",2020-04-07T00:00:00Z,Confirmed,7693
Sweden,"",2020-04-07T00:00:00Z,Recovered,205
Switzerland,"",2020-04-07T00:00:00Z,Deaths,821
Switzerland,"",2020-04-07T00:00:00Z,Confirmed,22253
Switzerland,"",2020-04-07T00:00:00Z,Recovered,8704
Syria,"",2020-04-07T00:00:00Z,Deaths,2
Syria,"",2020-04-07T00:00:00Z,Confirmed,19
Syria,"",2020-04-07T00:00:00Z,Recovered,3
Taiwan,"",2020-04-07T00:00:00Z,Deaths,5
Taiwan,"",2020-04-07T00:00:00Z,Confirmed,376
Taiwan,"",2020-04-07T00:00:00Z,Recovered,57
Tanzania,"",2020-04-07T00:00:00Z,Deaths,1
Tanzania,"",2020-04-07T00:00:00Z,Confirmed,24
Tanzania,"",2020-04-07T00:00:00Z,Recovered,5
Thailand,"",2020-04-07T00:00:00Z,Deaths,27
Thailand,"",2020-04-07T00:00:00Z,Confirmed,2258
Thailand,"",2020-04-07T00:00:00Z,Recovered,888
Timor-Leste,"",2020-04-07T00:00:00Z,Deaths,0
Timor-Leste,"",2020-04-07T00:00:00Z,Confirmed,1
Timor-Leste,"",2020-04-07T00:00:00Z,Recovered,0
Togo,"",2020-04-07T00:00:00Z,Deaths,3
Togo,"",2020-04-07T00:00:00Z,Confirmed,65
Togo,"",2020-04-07T00:00:00Z,Recovered,23
Trinidad and Tobago,"",2020-04-07T00:00:00Z,Deaths,8
Trinidad and Tobago,"",2020-04-07T00:00:00Z,Confirmed,107
Trinidad and Tobago,"",2020-04-07T00:00:00Z,Recovered,1
Tunisia,"",2020-04-07T00:00:00Z,Deaths,23
Tunisia,"",2020-04-07T00:00:00Z,Confirmed,623
Tunisia,"",2020-04-07T00:00:00Z,Recovered,25
Turkey,"",2020-04-07T00:00:00Z,Deaths,725
Turkey,"",2020-04-07T00:00:00Z,Confirmed,34109
Turkey,"",2020-04-07T00:00:00Z,Recovered,1582
United States,Alabama,2020-04-07T00:00:00Z,Deaths,64
United States,Alabama,2020-04-07T00:00:00Z,Confirmed,2169
United States,Alabama,2020-04-07T00:00:00Z,Recovered,0
United States,Alaska,2020-04-07T00:00:00Z,Deaths,6
United States,Alaska,2020-04-07T00:00:00Z,Confirmed,213
United States,Alaska,2020-04-07T00:00:00Z,Recovered,0
United States,Arizona,2020-04-07T00:00:00Z,Deaths,73
United States,Arizona,2020-04-07T00:00:00Z,Confirmed,2870
United States,Arizona,2020-04-07T00:00:00Z,Recovered,0
United States,Arkansas,2020-04-07T00:00:00Z,Deaths,18
United States,Arkansas,2020-04-07T00:00:00Z,Confirmed,946
United States,Arkansas,2020-04-07T00:00:00Z,Recovered,0
United States,California,2020-04-07T00:00:00Z,Deaths,432
United States,California,2020-04-07T00:00:00Z,Confirmed,17351
United States,California,2020-04-07T00:00:00Z,Recovered,0
United States,Colorado,2020-04-07T00:00:00Z,Deaths,179
United States,Colorado,2020-04-07T00:00:00Z,Confirmed,5429
United States,Colorado,2020-04-07T00:00:00Z,Recovered,0
United States,Connecticut,2020-04-07T00:00:00Z,Deaths,277
United States,Connecticut,2020-04-07T00:00:00Z,Confirmed,7781
United States,Connecticut,2020-04-07T00:00:00Z,Recovered,0
United States,Delaware,2020-04-07T00:00:00Z,Deaths,16
United States,Delaware,2020-04-07T00:00:00Z,Confirmed,928
United States,Delaware,2020-04-07T00:00:00Z,Recovered,0
United States,Diamond Princess,2020-04-07T00:00:00Z,Deaths,0
United States,Diamond Princess,2020-04-07T00:00:00Z,Confirmed,49
United States,Diamond Princess,2020-04-07T00:00:00Z,Recovered,0
United States,District of Columbia,2020-04-07T00:00:00Z,Deaths,22
United States,District of Columbia,2020-04-07T00:00:00Z,Confirmed,1211
United States,District of Columbia,2020-04-07T00:00:00Z,Recovered,0
United States,Florida,2020-04-07T00:00:00Z,Deaths,283
United States,Florida,2020-04-07T00:00:00Z,Confirmed,14545
United States,Florida,2020-04-07T00:00:00Z,Recovered,0
United States,Georgia,2020-04-07T00:00:00Z,Deaths,329
United States,Georgia,2020-04-07T00:00:00Z,Confirmed,8822
United States,Georgia,2020-04-07T00:00:00Z,Recovered,0
United States,Grand Princess,2020-04-07T00:00:00Z,Deaths,3
United States,Grand Princess,2020-04-07T00:00:00Z,Confirmed,103
United States,Grand Princess,2020-04-07T00:00:00Z,Recovered,0
United States,Guam,2020-04-07T00:00:00Z,Deaths,4
United States,Guam,2020-04-07T00:00:00Z,Confirmed,121
United States,Guam,2020-04-07T00:00:00Z,Recovered,0
United States,Hawaii,2020-04-07T00:00:00Z,Deaths,5
United States,Hawaii,2020-04-07T00:00:00Z,Confirmed,410
United States,Hawaii,2020-04-07T00:00:00Z,Recovered,0
United States,Idaho,2020-04-07T00:00:00Z,Deaths,13
United States,Idaho,2020-04-07T00:00:00Z,Confirmed,1170
United States,Idaho,2020-04-07T00:00:00Z,Recovered,0
United States,Illinois,2020-04-07T00:00:00Z,Deaths,308
United States,Illinois,2020-04-07T00:00:00Z,Confirmed,12271
United States,Illinois,2020-04-07T00:00:00Z,Recovered,0
United States,Indiana,2020-04-07T00:00:00Z,Deaths,173
United States,Indiana,2020-04-07T00:00:00Z,Confirmed,5510
United States,Indiana,2020-04-07T00:00:00Z,Recovered,0
United States,Iowa,2020-04-07T00:00:00Z,Deaths,25
United States,Iowa,2020-04-07T00:00:00Z,Confirmed,1046
United States,Iowa,2020-04-07T00:00:00Z,Recovered,0
United States,Kansas,2020-04-07T00:00:00Z,Deaths,29
United States,Kansas,2020-04-07T00:00:00Z,Confirmed,912
United States,Kansas,2020-04-07T00:00:00Z,Recovered,0
United States,Kentucky,2020-04-07T00:00:00Z,Deaths,65
United States,Kentucky,2020-04-07T00:00:00Z,Confirmed,1149
United States,Kentucky,2020-04-07T00:00:00Z,Recovered,0
United States,Louisiana,2020-04-07T00:00:00Z,Deaths,582
United States,Louisiana,2020-04-07T00:00:00Z,Confirmed,16284
United States,Louisiana,2020-04-07T00:00:00Z,Recovered,0
United States,Maine,2020-04-07T00:00:00Z,Deaths,12
United States,Maine,2020-04-07T00:00:00Z,Confirmed,519
United States,Maine,2020-04-07T00:00:00Z,Recovered,0
United States,Maryland,2020-04-07T00:00:00Z,Deaths,103
United States,Maryland,2020-04-07T00:00:00Z,Confirmed,4371
United States,Maryland,2020-04-07T00:00:00Z,Recovered,0
United States,Massachusetts,2020-04-07T00:00:00Z,Deaths,356
United States,Massachusetts,2020-04-07T00:00:00Z,Confirmed,15202
United States,Massachusetts,2020-04-07T00:00:00Z,Recovered,0
United States,Michigan,2020-04-07T00:00:00Z,Deaths,845
United States,Michigan,2020-04-07T00:00:00Z,Confirmed,18970
United States,Michigan,2020-04-07T00:00:00Z,Recovered,0
United States,Minnesota,2020-04-07T00:00:00Z,Deaths,34
United States,Minnesota,2020-04-07T00:00:00Z,Confirmed,1069
United States,Minnesota,2020-04-07T00:00:00Z,Recovered,0
United States,Mississippi,2020-04-07T00:00:00Z,Deaths,60
United States,Mississippi,2020-04-07T00:00:00Z,Confirmed,1915
United States,Mississippi,2020-04-07T00:00:00Z,Recovered,0
United States,Missouri,2020-04-07T00:00:00Z,Deaths,65
United States,Missouri,2020-04-07T00:00:00Z,Confirmed,3130
United States,Missouri,2020-04-07T00:00:00Z,Recovered,0
United States,Montana,2020-04-07T00:00:00Z,Deaths,6
United States,Montana,2020-04-07T00:00:00Z,Confirmed,319
United States,Montana,2020-04-07T00:00:00Z,Recovered,0
United States,Nebraska,2020-04-07T00:00:00Z,Deaths,10
United States,Nebraska,2020-04-07T00:00:00Z,Confirmed,447
United States,Nebraska,2020-04-07T00:00:00Z,Recovered,0
United States,Nevada,2020-04-07T00:00:00Z,Deaths,72
United States,Nevada,2020-04-07T00:00:00Z,Confirmed,2124
United States,Nevada,2020-04-07T00:00:00Z,Recovered,0
United States,New Hampshire,2020-04-07T00:00:00Z,Deaths,9
United States,New Hampshire,2020-04-07T00:00:00Z,Confirmed,715
United States,New Hampshire,2020-04-07T00:00:00Z,Recovered,0
United States,New Jersey,2020-04-07T00:00:00Z,Deaths,1232
United States,New Jersey,2020-04-07T00:00:00Z,Confirmed,44416
United States,New Jersey,2020-04-07T00:00:00Z,Recovered,0
United States,New Mexico,2020-04-07T00:00:00Z,Deaths,13
United States,New Mexico,2020-04-07T00:00:00Z,Confirmed,876
United States,New Mexico,2020-04-07T00:00:00Z,Recovered,0
United States,New York,2020-04-07T00:00:00Z,Deaths,5489
United States,New York,2020-04-07T00:00:00Z,Confirmed,139875
United States,New York,2020-04-07T00:00:00Z,Recovered,0
United States,North Carolina,2020-04-07T00:00:00Z,Deaths,53
United States,North Carolina,2020-04-07T00:00:00Z,Confirmed,3299
United States,North Carolina,2020-04-07T00:00:00Z,Recovered,0
United States,North Dakota,2020-04-07T00:00:00Z,Deaths,4
United States,North Dakota,2020-04-07T00:00:00Z,Confirmed,237
United States,North Dakota,2020-04-07T00:00:00Z,Recovered,0
United States,Northern Mariana Islands,2020-04-07T00:00:00Z,Deaths,2
United States,Northern Mariana Islands,2020-04-07T00:00:00Z,Confirmed,8
United States,Northern Mariana Islands,2020-04-07T00:00:00Z,Recovered,0
United States,Ohio,2020-04-07T00:00:00Z,Deaths,167
United States,Ohio,2020-04-07T00:00:00Z,Confirmed,4782
United States,Ohio,2020-04-07T00:00:00Z,Recovered,0
United States,Oklahoma,2020-04-07T00:00:00Z,Deaths,67
United States,Oklahoma,2020-04-07T00:00:00Z,Confirmed,1474
United States,Oklahoma,2020-04-07T00:00:00Z,Recovered,0
United States,Oregon,2020-04-07T00:00:00Z,Deaths,29
United States,Oregon,2020-04-07T00:00:00Z,Confirmed,1132
United States,Oregon,2020-04-07T00:00:00Z,Recovered,0
United States,Pennsylvania,2020-04-07T00:00:00Z,Deaths,247
United States,Pennsylvania,2020-04-07T00:00:00Z,Confirmed,14853
United States,Pennsylvania,2020-04-07T00:00:00Z,Recovered,0
United States,Puerto Rico,2020-04-07T00:00:00Z,Deaths,23
United States,Puerto Rico,2020-04-07T00:00:00Z,Confirmed,573
United States,Puerto Rico,2020-04-07T00:00:00Z,Recovered,0
United States,Recovered,2020-04-07T00:00:00Z,Deaths,0
United States,Recovered,2020-04-07T00:00:00Z,Confirmed,0
United States,Recovered,2020-04-07T00:00:00Z,Recovered,21763
United States,Rhode Island,2020-04-07T00:00:00Z,Deaths,30
United States,Rhode Island,2020-04-07T00:00:00Z,Confirmed,1229
United States,Rhode Island,2020-04-07T00:00:00Z,Recovered,0
United States,South Carolina,2020-04-07T00:00:00Z,Deaths,51
United States,South Carolina,2020-04-07T00:00:00Z,Confirmed,2417
United States,South Carolina,2020-04-07T00:00:00Z,Recovered,0
United States,South Dakota,2020-04-07T00:00:00Z,Deaths,6
United States,South Dakota,2020-04-07T00:00:00Z,Confirmed,320
United States,South Dakota,2020-04-07T00:00:00Z,Recovered,0
United States,Tennessee,2020-04-07T00:00:00Z,Deaths,72
United States,Tennessee,2020-04-07T00:00:00Z,Confirmed,4139
United States,Tennessee,2020-04-07T00:00:00Z,Recovered,0
United States,Texas,2020-04-07T00:00:00Z,Deaths,160
United States,Texas,2020-04-07T00:00:00Z,Confirmed,8925
United States,Texas,2020-04-07T00:00:00Z,Recovered,0
United States,Utah,2020-04-07T00:00:00Z,Deaths,13
United States,Utah,2020-04-07T00:00:00Z,Confirmed,1746
United States,Utah,2020-04-07T00:00:00Z,Recovered,0
United States,Vermont,2020-04-07T00:00:00Z,Deaths,23
United States,Vermont,2020-04-07T00:00:00Z,Confirmed,575
United States,Vermont,2020-04-07T00:00:00Z,Recovered,0
United States,Virgin Islands,2020-04-07T00:00:00Z,Deaths,1
United States,Virgin Islands,2020-04-07T00:00:00Z,Confirmed,43
United States,Virgin Islands,2020-04-07T00:00:00Z,Recovered,0
United States,Virginia,2020-04-07T00:00:00Z,Deaths,66
United States,Virginia,2020-04-07T00:00:00Z,Confirmed,3335
United States,Virginia,2020-04-07T00:00:00Z,Recovered,0
United States,Washington,2020-04-07T00:00:00Z,Deaths,400
United States,Washington,2020-04-07T00:00:00Z,Confirmed,8692
United States,Washington,2020-04-07T00:00:00Z,Recovered,0
United States,West Virginia,2020-04-07T00:00:00Z,Deaths,4
United States,West Virginia,2020-04-07T00:00:00Z,Confirmed,412
United States,West Virginia,2020-04-07T00:00:00Z,Recovered,0
United States,Wisconsin,2020-04-07T00:00:00Z,Deaths,92
United States,Wisconsin,2020-04-07T00:00:00Z,Confirmed,2578
United States,Wisconsin,2020-04-07T00:00:00Z,Recovered,0
United States,Wyoming,2020-04-07T00:00:00Z,Deaths,0
United States,Wyoming,2020-04-07T00:00:00Z,Confirmed,216
United States,Wyoming,2020-04-07T00:00:00Z,Recovered,0
Uganda,"",2020-04-07T00:00:00Z,Deaths,0
Uganda,"",2020-04-07T00:00:00Z,Confirmed,52
Uganda,"",2020-04-07T00:00:00Z,Recovered,0
Ukraine,"",2020-04-07T00:00:00Z,Deaths,45
Ukraine,"",2020-04-07T00:00:00Z,Confirmed,1462
Ukraine,"",2020-04-07T00:00:00Z,Recovered,28
United Arab Emirates,"",2020-04-07T00:00:00Z,Deaths,12
United Arab Emirates,"",2020-04-07T00:00:00Z,Confirmed,2359
United Arab Emirates,"",2020-04-07T00:00:00Z,Recovered,186
United Kingdom,"",2020-04-07T00:00:00Z,Deaths,6159
United Kingdom,"",2020-04-07T00:00:00Z,Confirmed,55242
United Kingdom,"",2020-04-07T00:00:00Z,Recovered,135
United Kingdom,Anguilla,2020-04-07T00:00:00Z,Deaths,0
United Kingdom,Anguilla,2020-04-07T00:00:00Z,Confirmed,3
United Kingdom,Anguilla,2020-04-07T00:00:00Z,Recovered,0
United Kingdom,Bermuda,2020-04-07T00:00:00Z,Deaths,2
United Kingdom,Bermuda,2020-04-07T00:00:00Z,Confirmed,39
United Kingdom,Bermuda,2020-04-07T00:00:00Z,Recovered,17
United Kingdom,British Virgin Islands,2020-04-07T00:00:00Z,Deaths,0
United Kingdom,British Virgin Islands,2020-04-07T00:00:00Z,Confirmed,3
United Kingdom,British Virgin Islands,2020-04-07T00:00:00Z,Recovered,0
United Kingdom,Cayman Islands,2020-04-07T00:00:00Z,Deaths,1
United Kingdom,Cayman Islands,2020-04-07T00:00:00Z,Confirmed,45
United Kingdom,Cayman Islands,2020-04-07T00:00:00Z,Recovered,6
United Kingdom,Channel Islands,2020-04-07T00:00:00Z,Deaths,7
United Kingdom,Channel Islands,2020-04-07T00:00:00Z,Confirmed,335
United Kingdom,Channel Islands,2020-04-07T00:00:00Z,Recovered,34
United Kingdom,Falkland Islands (Malvinas),2020-04-07T00:00:00Z,Deaths,0
United Kingdom,Falkland Islands (Malvinas),2020-04-07T00:00:00Z,Confirmed,2
United Kingdom,Falkland Islands (Malvinas),2020-04-07T00:00:00Z,Recovered,0
United Kingdom,Gibraltar,2020-04-07T00:00:00Z,Deaths,0
United Kingdom,Gibraltar,2020-04-07T00:00:00Z,Confirmed,113
United Kingdom,Gibraltar,2020-04-07T00:00:00Z,Recovered,60
United Kingdom,Isle of Man,2020-04-07T00:00:00Z,Deaths,1
United Kingdom,Isle of Man,2020-04-07T00:00:00Z,Confirmed,150
United Kingdom,Isle of Man,2020-04-07T00:00:00Z,Recovered,73
United Kingdom,Montserrat,2020-04-07T00:00:00Z,Deaths,0
United Kingdom,Montserrat,2020-04-07T00:00:00Z,Confirmed,9
United Kingdom,Montserrat,2020-04-07T00:00:00Z,Recovered,0
United Kingdom,Turks and Caicos Islands,2020-04-07T00:00:00Z,Deaths,1
United Kingdom,Turks and Caicos Islands,2020-04-07T00:00:00Z,Confirmed,8
United Kingdom,Turks and Caicos Islands,2020-04-07T00:00:00Z,Recovered,0
Uruguay,"",2020-04-07T00:00:00Z,Deaths,7
Uruguay,"",2020-04-07T00:00:00Z,Confirmed,424
Uruguay,"",2020-04-07T00:00:00Z,Recovered,150
Uzbekistan,"",2020-04-07T00:00:00Z,Deaths,2
Uzbekistan,"",2020-04-07T00:00:00Z,Confirmed,520
Uzbekistan,"",2020-04-07T00:00:00Z,Recovered,30
Venezuela,"",2020-04-07T00:00:00Z,Deaths,7
Venezuela,"",2020-04-07T00:00:00Z,Confirmed,165
Venezuela,"",2020-04-07T00:00:00Z,Recovered,65
Vietnam,"",2020-04-07T00:00:00Z,Deaths,0
Vietnam,"",2020-04-07T00:00:00Z,Confirmed,249
Vietnam,"",2020-04-07T00:00:00Z,Recovered,123
West Bank and Gaza,"",2020-04-07T00:00:00Z,Deaths,1
West Bank and Gaza,"",2020-04-07T00:00:00Z,Confirmed,261
West Bank and Gaza,"",2020-04-07T00:00:00Z,Recovered,42
Western Sahara,"",2020-04-07T00:00:00Z,Deaths,0
Western Sahara,"",2020-04-07T00:00:00Z,Confirmed,4
Western Sahara,"",2020-04-07T00:00:00Z,Recovered,0
Zambia,"",2020-04-07T00:00:00Z,Deaths,1
Zambia,"",2020-04-07T00:00:00Z,Confirmed,39
Zambia,"",2020-04-07T00:00:00Z,Recovered,7
Zimbabwe,"",2020-04-07T00:00:00Z,Deaths,2
Zimbabwe,"",2020-04-07T00:00:00Z,Confirmed,11
Zimbabwe,"",2020-04-07T00:00:00Z,Recovered,0
